threshold, area, aspect_ratio, rect_factor
50, 1499.0, 7.3401158941170905, 0.9198333127346671
50, 1598.0, 7.05675643489747, 0.9201065826793486
